,1,2,3,4,5,6,7,8,9,10
1,1213,1258.0,4993.0,16.0,1265.0,2502.0,1198.0,3256.0,457.0,5349.0
2,1,780.0,,,,,,,,
3,509,800.0,593.0,50.0,34.0,281.0,592.0,586.0,539.0,
4,1203,593.0,1296.0,308.0,1732.0,905.0,1283.0,3271.0,3196.0,1094.0
5,595,8360.0,32017.0,2792.0,2300.0,2485.0,,,,
6,4090,7147.0,4878.0,46578.0,1732.0,2858.0,5989.0,60069.0,56367.0,4054.0
7,8874,47610.0,741.0,1136.0,68157.0,1747.0,1258.0,4878.0,593.0,2916.0
8,62,1210.0,1414.0,783.0,95.0,,,,,
9,589,25.0,480.0,590.0,163.0,427.0,415.0,227.0,434.0,153.0
10,81591,2081.0,180.0,,,,,,,
11,589,111.0,410.0,107.0,153.0,,,,,
12,3,,,,,,,,,
13,45662,1213.0,111.0,2959.0,2133.0,,,,,
14,7,719.0,,,,,,,,
15,2660,2395.0,49272.0,4979.0,48394.0,2762.0,1199.0,2644.0,2550.0,1884.0
16,540,653.0,50.0,520.0,474.0,231.0,141.0,420.0,,
17,2151,1196.0,85414.0,4027.0,135.0,55247.0,84772.0,8984.0,1265.0,41566.0
18,1206,4973.0,1653.0,4022.0,8019.0,5630.0,592.0,1517.0,780.0,1407.0
19,109374,8984.0,6539.0,1584.0,3793.0,40629.0,7458.0,4254.0,,
20,2014,66665.0,71579.0,69757.0,52712.0,1873.0,1013.0,,,
21,1198,4973.0,66097.0,5995.0,6539.0,74458.0,55241.0,116823.0,,
22,5792,4995.0,1732.0,1884.0,4951.0,6893.0,5481.0,1049.0,3978.0,500.0
23,85774,714.0,91500.0,858.0,77455.0,91658.0,,,,
24,2969,2203.0,1219.0,931.0,3504.0,1266.0,1212.0,1945.0,110.0,1953.0
25,1270,2088.0,1307.0,934.0,2003.0,539.0,2011.0,1461.0,2245.0,1713.0
26,1527,708.0,350.0,,,,,,,
27,1136,2289.0,1265.0,2791.0,1288.0,2788.0,2021.0,934.0,,
28,1231,246.0,318.0,1247.0,474.0,1233.0,1193.0,1073.0,1292.0,1266.0
29,150,1198.0,589.0,1225.0,1214.0,141.0,1241.0,357.0,1127.0,802.0
30,1197,78499.0,67295.0,5349.0,1704.0,3578.0,60069.0,70286.0,56367.0,2683.0
31,593,348.0,457.0,590.0,595.0,,,,,
32,608,1196.0,926.0,910.0,1292.0,1240.0,898.0,1955.0,1951.0,2178.0
33,1077,1673.0,952.0,1148.0,4914.0,1968.0,3038.0,4793.0,,
34,950,1284.0,3608.0,2746.0,2605.0,5.0,,,,
35,733,608.0,376.0,1356.0,95.0,,,,,
36,364,380.0,316.0,597.0,,,,,,
37,908,912.0,8228.0,1945.0,5995.0,1219.0,2406.0,7792.0,,
38,81591,4189.0,73854.0,95313.0,134853.0,7369.0,112175.0,1566.0,42734.0,2018.0
39,260,3578.0,3114.0,2761.0,367.0,,,,,
40,1646,1595.0,,,,,,,,
41,6750,5388.0,6810.0,3481.0,5945.0,39.0,6218.0,1527.0,6296.0,2329.0
42,3408,6944.0,4489.0,5.0,919.0,7669.0,72998.0,31658.0,8984.0,
44,6305,26662.0,4011.0,6914.0,5358.0,3516.0,2890.0,2194.0,1282.0,48394.0
45,296,527.0,1252.0,44195.0,1676.0,,,,,
46,919,2761.0,3543.0,2699.0,2701.0,,,,,
47,1084,154.0,16.0,307.0,26.0,162.0,97.0,36.0,25.0,344.0
48,1079,,,,,,,,,
49,2550,1387.0,153.0,2231.0,,,,,,
50,1060,1193.0,608.0,1237.0,493.0,247.0,1041.0,36.0,1610.0,2268.0
51,253,,,,,,,,,
52,72226,103335.0,6936.0,,,,,,,
53,2959,1193.0,,,,,,,,
54,2762,1.0,527.0,5127.0,260.0,2174.0,4886.0,5218.0,8360.0,34.0
55,2717,1061.0,3107.0,2109.0,,,,,,
57,3083,73344.0,26614.0,318.0,6016.0,48738.0,48780.0,5377.0,80463.0,49530.0
58,1215,1909.0,172.0,1376.0,,,,,,
59,109374,7502.0,1200.0,,,,,,,
60,337,1120.0,593.0,1748.0,4210.0,8493.0,4993.0,6016.0,48385.0,1500.0
61,5995,1237.0,1218.0,2857.0,2324.0,307.0,4848.0,2012.0,1350.0,4881.0
62,66581,54121.0,75.0,43967.0,34338.0,4565.0,67665.0,6949.0,58485.0,5618.0
63,73023,2700.0,56782.0,1234.0,509.0,296.0,60753.0,58998.0,480.0,44665.0
64,1515,5418.0,1923.0,780.0,2137.0,,,,,
65,47,230.0,344.0,,,,,,,
66,527,5388.0,5902.0,2579.0,5952.0,2507.0,4068.0,5324.0,3502.0,5013.0
67,5421,,,,,,,,,
68,593,,,,,,,,,
69,26131,7084.0,3148.0,3032.0,7040.0,1178.0,3362.0,7076.0,2329.0,8492.0
70,1704,2329.0,356.0,780.0,3113.0,,,,,
71,6214,1258.0,3081.0,364.0,32.0,1188.0,589.0,5294.0,1.0,1035.0
72,1689,778.0,1497.0,1527.0,1552.0,107.0,1608.0,1713.0,1483.0,1518.0
74,2571,480.0,2100.0,,,,,,,
75,2863,5991.0,260.0,1392.0,1967.0,6173.0,,,,
76,7153,912.0,1197.0,,,,,,,
77,4848,3108.0,5445.0,541.0,6870.0,3751.0,2804.0,2716.0,924.0,3753.0
78,6539,1270.0,82461.0,56174.0,,,,,,
79,60293,1222.0,26614.0,44199.0,778.0,1682.0,6808.0,648.0,55765.0,58351.0
80,858,,,,,,,,,
82,318,531.0,,,,,,,,
83,5989,30707.0,49530.0,79132.0,260.0,8961.0,97304.0,1923.0,46976.0,5377.0
84,215,318.0,8368.0,4025.0,,,,,,
85,1136,,,,,,,,,
86,6874,44191.0,293.0,1252.0,1276.0,68954.0,1732.0,5995.0,,
87,8581,858.0,48516.0,30848.0,913.0,608.0,4034.0,8949.0,1240.0,553.0
88,354,34153.0,81932.0,318.0,6953.0,1148.0,3104.0,48516.0,36529.0,5618.0
89,33085,33681.0,4993.0,1617.0,3421.0,50.0,733.0,71057.0,999.0,595.0
90,1201,,,,,,,,,
91,1358,3100.0,2763.0,28.0,,,,,,
92,440,500.0,,,,,,,,
93,260,719.0,,,,,,,,
94,1219,1321.0,6502.0,,,,,,,
96,52,778.0,628.0,743.0,784.0,737.0,,,,
97,68954,7360.0,122892.0,68237.0,71264.0,95167.0,45499.0,,,
98,1347,1968.0,,,,,,,,
99,524,277.0,2470.0,,,,,,,
100,2081,783.0,168.0,552.0,,,,,,
101,74458,1200.0,44665.0,1214.0,293.0,74541.0,,,,
102,296,3897.0,2396.0,3147.0,3114.0,3793.0,3408.0,4025.0,,
103,780,2398.0,587.0,3712.0,1735.0,,,,,
104,111,349.0,587.0,364.0,227.0,588.0,48.0,,,
105,457,912.0,593.0,141.0,1042.0,43.0,1183.0,1375.0,151.0,256.0
106,59784,7143.0,48780.0,91529.0,8961.0,116797.0,,,,
107,1219,1498.0,510.0,1136.0,589.0,1704.0,2268.0,2716.0,2858.0,931.0
108,2124,1747.0,1097.0,223.0,2746.0,2617.0,1639.0,585.0,1711.0,1500.0
109,897,1755.0,1131.0,2325.0,908.0,1011.0,3105.0,1228.0,1268.0,110.0
110,5445,1682.0,508.0,2571.0,110.0,7090.0,1449.0,3396.0,39.0,4720.0
111,357,480.0,377.0,,,,,,,
112,260,2396.0,1678.0,3471.0,1374.0,41.0,2291.0,,,
113,593,1196.0,1259.0,1213.0,4187.0,49272.0,1250.0,1233.0,3052.0,4011.0
114,2495,98243.0,356.0,31658.0,1274.0,90746.0,924.0,111759.0,91529.0,1.0
115,318,527.0,58.0,590.0,,,,,,
116,50,296.0,288.0,410.0,253.0,,,,,
117,648,661.0,,,,,,,,
118,3565,151.0,1196.0,3274.0,1616.0,552.0,1597.0,207.0,4025.0,5541.0
119,527,3176.0,2959.0,1483.0,1687.0,1792.0,,,,
120,3083,1197.0,1947.0,1951.0,661.0,,,,,
121,3507,2599.0,1271.0,2359.0,3512.0,2109.0,2609.0,1896.0,,
122,1213,293.0,1.0,290.0,1089.0,1291.0,1240.0,1610.0,5445.0,4963.0
123,2302,43836.0,3358.0,2359.0,27808.0,2791.0,7149.0,1079.0,6593.0,2795.0
124,2019,1222.0,1196.0,1683.0,123.0,2692.0,741.0,1258.0,4896.0,3224.0
126,6482,53125.0,72998.0,296.0,49272.0,4321.0,2990.0,,,
127,1197,4993.0,912.0,4027.0,1921.0,2081.0,4446.0,,,
128,116797,85412.0,27728.0,91658.0,68159.0,111.0,532.0,94864.0,1203.0,109374.0
129,593,282.0,17.0,457.0,225.0,410.0,,,,
130,2534,3693.0,1322.0,1986.0,2537.0,1011.0,4055.0,2858.0,1408.0,1198.0
131,3163,,,,,,,,,
132,296,368.0,832.0,2126.0,,,,,,
133,1225,260.0,1250.0,5060.0,921.0,1374.0,590.0,673.0,60.0,
134,608,6.0,647.0,1488.0,833.0,,,,,
135,541,1394.0,919.0,1276.0,908.0,1221.0,,,,
136,69406,51077.0,2687.0,,,,,,,
137,608,919.0,1387.0,54503.0,1729.0,1233.0,1090.0,3481.0,1343.0,2115.0
138,419,364.0,527.0,588.0,477.0,420.0,276.0,,,
139,6867,1148.0,4886.0,5051.0,2321.0,2700.0,4014.0,2291.0,5377.0,6883.0
140,635,807.0,562.0,778.0,1633.0,1354.0,1049.0,785.0,805.0,376.0
141,2959,6539.0,,,,,,,,
142,56949,,,,,,,,,
143,95,553.0,282.0,317.0,597.0,420.0,500.0,110.0,,
144,296,745.0,46578.0,48394.0,2096.0,56367.0,2565.0,5672.0,27456.0,
145,912,3462.0,549.0,2351.0,3072.0,296.0,1922.0,,,
146,940,1200.0,1224.0,1333.0,920.0,2797.0,1955.0,1345.0,,
147,50,2959.0,1127.0,1245.0,1282.0,616.0,2401.0,1358.0,2699.0,
148,318,356.0,300.0,553.0,21.0,349.0,2.0,316.0,586.0,410.0
149,1089,50.0,1212.0,1079.0,122.0,592.0,1035.0,350.0,39.0,70.0
150,5269,5812.0,5401.0,3148.0,933.0,5608.0,8665.0,5445.0,2917.0,4144.0
151,858,648.0,786.0,788.0,,,,,,
152,7153,1566.0,,,,,,,,
153,589,34.0,292.0,587.0,344.0,,,,,
154,1660,1489.0,1183.0,1407.0,1717.0,1416.0,,,,
155,1683,2571.0,,,,,,,,
156,932,71.0,267.0,1136.0,520.0,473.0,1722.0,1064.0,419.0,480.0
157,541,32.0,2311.0,457.0,380.0,1201.0,733.0,1580.0,1275.0,112.0
158,2662,6787.0,1704.0,5782.0,5995.0,2396.0,33166.0,4993.0,481.0,597.0
159,47,3996.0,2987.0,4306.0,,,,,,
160,1956,2070.0,1660.0,1678.0,1224.0,715.0,1280.0,1945.0,1057.0,149.0
161,3578,1610.0,5418.0,6377.0,1214.0,8961.0,780.0,8636.0,3793.0,589.0
162,380,161.0,527.0,480.0,296.0,,,,,
163,4226,1089.0,110.0,51662.0,8949.0,1206.0,6502.0,780.0,,
164,56012,50.0,3556.0,6.0,3508.0,93838.0,96737.0,79132.0,3471.0,1784.0
165,141,802.0,837.0,3.0,5.0,,,,,
166,260,68157.0,58559.0,5902.0,68237.0,33794.0,8665.0,112183.0,44199.0,50872.0
167,48516,6377.0,44665.0,64614.0,68157.0,45720.0,80693.0,24.0,55908.0,33794.0
168,5952,1172.0,5445.0,3408.0,480.0,733.0,1584.0,784.0,44.0,4369.0
169,318,778.0,5060.0,1387.0,493.0,1255.0,1268.0,227.0,1275.0,540.0
170,134853,79132.0,77455.0,99114.0,8874.0,527.0,57669.0,8622.0,327.0,
171,36,112.0,12.0,837.0,,,,,,
172,4993,1693.0,,,,,,,,
173,223,3081.0,2490.0,2712.0,,,,,,
174,935,1245.0,2997.0,1136.0,2248.0,2110.0,1273.0,6333.0,5796.0,25940.0
175,593,1240.0,1019.0,1200.0,589.0,2664.0,588.0,1127.0,,
176,318,589.0,1214.0,1234.0,592.0,595.0,2081.0,610.0,1552.0,2470.0
177,3270,4149.0,4616.0,4047.0,991.0,6582.0,858.0,1268.0,1240.0,3298.0
178,589,,,,,,,,,
179,4332,6658.0,7054.0,6239.0,4226.0,1288.0,2173.0,293.0,8360.0,2686.0
180,5952,5464.0,2501.0,8910.0,6188.0,36529.0,2987.0,7386.0,1302.0,1027.0
181,260,32.0,733.0,,,,,,,
182,175,198.0,662.0,,,,,,,
183,381,1704.0,4993.0,2641.0,1393.0,2571.0,53121.0,44694.0,45499.0,912.0
184,594,1225.0,1961.0,,,,,,,
185,5010,1517.0,,,,,,,,
186,318,590.0,349.0,,,,,,,
187,260,380.0,608.0,265.0,174.0,1297.0,372.0,173.0,,
188,913,904.0,921.0,593.0,1103.0,1257.0,1394.0,1408.0,1270.0,1114.0
189,6669,6301.0,908.0,47810.0,2178.0,39183.0,1237.0,1321.0,1228.0,913.0
190,377,277.0,540.0,548.0,170.0,435.0,,,,
191,277,,,,,,,,,
192,3178,2797.0,2699.0,4995.0,2805.0,1036.0,1917.0,339.0,350.0,608.0
193,1220,1097.0,1947.0,2011.0,2135.0,1073.0,2394.0,2076.0,1035.0,2529.0
194,50011,1767.0,52668.0,80775.0,87785.0,79590.0,92509.0,81667.0,42007.0,94953.0
195,7153,5782.0,260.0,5618.0,49272.0,2858.0,750.0,329.0,70305.0,
196,319,527.0,34.0,356.0,1.0,588.0,524.0,350.0,292.0,575.0
197,1210,2302.0,2273.0,,,,,,,
198,608,1264.0,3543.0,3538.0,1206.0,920.0,1258.0,3362.0,34.0,1951.0
199,1253,2664.0,260.0,332.0,589.0,3032.0,2454.0,2377.0,3699.0,2628.0
200,1840,493.0,3744.0,,,,,,,
201,587,5476.0,3269.0,367.0,1073.0,4823.0,2316.0,2881.0,2492.0,3210.0
202,296,593.0,35836.0,3844.0,305.0,,,,,
203,110,1387.0,1287.0,1259.0,1242.0,296.0,541.0,3362.0,480.0,1097.0
204,2959,593.0,111.0,4226.0,31410.0,,,,,
205,296,593.0,527.0,32.0,14.0,368.0,162.0,25.0,253.0,736.0
206,6874,4979.0,2997.0,69122.0,63876.0,59387.0,52973.0,3556.0,56757.0,40629.0
207,1198,3386.0,11.0,2447.0,2391.0,1912.0,1500.0,,,
208,593,208.0,,,,,,,,
209,4031,457.0,2087.0,266.0,4061.0,3494.0,5214.0,3827.0,1961.0,5103.0
210,3760,3949.0,4993.0,1967.0,4713.0,3811.0,1228.0,1748.0,2291.0,4010.0
211,2194,1943.0,784.0,6669.0,2551.0,8524.0,8143.0,8153.0,7822.0,4797.0
212,1206,154.0,1132.0,1329.0,,,,,,
213,6920,318.0,912.0,541.0,3499.0,953.0,30707.0,968.0,5952.0,1265.0
214,2423,661.0,2770.0,,,,,,,
215,110102,318.0,356.0,1.0,,,,,,
216,3707,392.0,,,,,,,,
217,608,1693.0,,,,,,,,
218,60069,1080.0,7090.0,1136.0,30812.0,2943.0,5945.0,2329.0,26242.0,5444.0
219,4721,4732.0,4756.0,902.0,4995.0,4341.0,4594.0,4989.0,4232.0,4896.0
220,1208,541.0,1357.0,1136.0,32.0,6953.0,2348.0,2571.0,2117.0,6711.0
221,292,,,,,,,,,
222,36,605.0,2297.0,1092.0,339.0,,,,,
223,1186,82.0,17.0,1913.0,905.0,,,,,
224,94466,27731.0,55872.0,27788.0,37240.0,8014.0,71282.0,7099.0,112515.0,109578.0
225,527,454.0,349.0,539.0,,,,,,
226,609,818.0,1073.0,648.0,637.0,79.0,,,,
228,260,2571.0,1884.0,37741.0,6003.0,1210.0,4865.0,4776.0,4499.0,2985.0
229,102407,5418.0,44199.0,2959.0,293.0,99114.0,91658.0,97304.0,4226.0,5952.0
230,608,1193.0,318.0,55276.0,54259.0,590.0,1449.0,3424.0,,
231,90647,71057.0,41571.0,,,,,,,
232,56715,8874.0,1259.0,7438.0,37720.0,68159.0,1968.0,78088.0,6188.0,30749.0
233,356,32.0,293.0,380.0,21.0,300.0,442.0,236.0,,
234,527,2028.0,1387.0,260.0,589.0,2067.0,1094.0,457.0,5060.0,733.0
235,1617,541.0,2282.0,838.0,1094.0,1196.0,1845.0,1641.0,356.0,2029.0
236,2729,1270.0,111.0,2318.0,356.0,1247.0,858.0,1884.0,1097.0,1416.0
237,54272,4728.0,2696.0,,,,,,,
238,1214,16.0,105.0,920.0,3408.0,4848.0,265.0,342.0,6178.0,1200.0
239,34,356.0,481.0,349.0,588.0,442.0,494.0,435.0,,
240,223,3555.0,4446.0,1608.0,2195.0,,,,,
241,4027,4239.0,7153.0,4226.0,5266.0,3285.0,109374.0,8958.0,6188.0,3578.0
242,1085,1213.0,2863.0,2762.0,1252.0,111.0,1210.0,509.0,2677.0,1206.0
243,592,353.0,153.0,355.0,,,,,,
244,3436,2570.0,946.0,3061.0,971.0,903.0,916.0,906.0,919.0,1086.0
245,150,440.0,45.0,161.0,144.0,474.0,300.0,553.0,21.0,153.0
246,32,382.0,,,,,,,,
247,8368,81847.0,56367.0,106696.0,33004.0,8961.0,87232.0,80463.0,61132.0,45720.0
250,912,1258.0,1225.0,110.0,1175.0,1527.0,6987.0,553.0,1961.0,34.0
251,32,1188.0,3424.0,107.0,,,,,,
252,2160,2550.0,1028.0,5956.0,4148.0,2084.0,5472.0,,,
253,296,318.0,81932.0,89804.0,1726.0,67255.0,64839.0,72011.0,89492.0,48774.0
254,79132,63082.0,70286.0,5446.0,6016.0,1537.0,60069.0,7361.0,71535.0,1527.0
255,1927,2624.0,908.0,6385.0,5303.0,4178.0,3359.0,3201.0,1267.0,2300.0
256,111759,858.0,,,,,,,,
257,1304,,,,,,,,,
258,410,296.0,288.0,158.0,,,,,,
259,4967,7022.0,6867.0,2011.0,7323.0,,,,,
260,62,356.0,595.0,474.0,432.0,539.0,95.0,,,
261,293,318.0,290.0,2019.0,1344.0,4326.0,41569.0,4007.0,3252.0,3418.0
262,858,527.0,296.0,3481.0,32.0,4214.0,648.0,165.0,,
263,2333,2571.0,480.0,2321.0,2424.0,2335.0,,,,
264,150,590.0,316.0,344.0,,,,,,
265,585,,,,,,,,,
266,588,457.0,593.0,,,,,,,
267,1213,750.0,2968.0,3684.0,1214.0,1247.0,3019.0,1186.0,2402.0,
268,27878,2442.0,300.0,912.0,4616.0,3148.0,3100.0,954.0,1584.0,4226.0
269,74948,50.0,3499.0,2948.0,10.0,783.0,,,,
270,2959,2997.0,3147.0,2018.0,,,,,,
271,608,707.0,5.0,,,,,,,
272,258,2724.0,1580.0,,,,,,,
273,593,52456.0,733.0,541.0,3147.0,2791.0,4023.0,185.0,260.0,3980.0
274,1291,318.0,541.0,1210.0,387.0,1722.0,1407.0,1702.0,315.0,379.0
275,2180,7116.0,945.0,2010.0,1721.0,1333.0,7132.0,2176.0,2763.0,25886.0
276,3476,2076.0,8783.0,44022.0,2404.0,2672.0,1499.0,,,
277,2905,858.0,102445.0,81591.0,64839.0,3168.0,68932.0,26005.0,26082.0,541.0
278,8983,1221.0,110.0,78499.0,4963.0,2947.0,2948.0,4128.0,6333.0,610.0
279,3510,2420.0,2918.0,,,,,,,
280,3107,1923.0,1080.0,2694.0,,,,,,
281,480,858.0,3527.0,3062.0,,,,,,
282,527,3384.0,2599.0,3783.0,3952.0,4881.0,1307.0,4014.0,2712.0,595.0
283,232,446.0,1104.0,508.0,373.0,522.0,1392.0,1.0,111.0,924.0
284,74,,,,,,,,,
285,3624,,,,,,,,,
286,3018,8961.0,61240.0,7153.0,110.0,115617.0,4886.0,6377.0,5952.0,480.0
287,1367,1527.0,736.0,,,,,,,
288,3948,552.0,,,,,,,,
289,8368,1580.0,64716.0,122882.0,106487.0,4022.0,79132.0,7153.0,78499.0,
290,296,1282.0,2273.0,2003.0,2628.0,,,,,
291,3146,2772.0,2336.0,3793.0,2805.0,2699.0,,,,
292,7346,2571.0,1258.0,6957.0,367.0,,,,,
293,951,25801.0,,,,,,,,
294,1089,1203.0,2329.0,4226.0,260.0,1968.0,4033.0,1101.0,1721.0,2395.0
295,110,339.0,,,,,,,,
296,32,913.0,1203.0,1090.0,1256.0,1299.0,3685.0,4963.0,2010.0,2243.0
297,345,4467.0,412.0,4217.0,,,,,,
298,8261,1244.0,1805.0,719.0,,,,,,
299,45183,74946.0,47.0,46723.0,1265.0,2329.0,62434.0,1732.0,3527.0,4011.0
300,2352,2716.0,2965.0,1617.0,1210.0,1291.0,2398.0,2915.0,2720.0,2301.0
301,356,6539.0,8368.0,5816.0,2490.0,,,,,
302,110,,,,,,,,,
303,2075,3429.0,919.0,942.0,2618.0,3271.0,232.0,2303.0,29.0,904.0
304,50,79132.0,5013.0,2858.0,3100.0,2395.0,4321.0,,,
305,924,541.0,1215.0,3471.0,,,,,,
306,68237,79091.0,106918.0,6377.0,68954.0,48780.0,62999.0,98491.0,133419.0,
307,214,318.0,,,,,,,,
308,223,4846.0,4439.0,1213.0,6377.0,6502.0,1252.0,1247.0,37729.0,480.0
309,36529,44191.0,79132.0,1200.0,51255.0,55908.0,42011.0,5418.0,64614.0,46578.0
310,4326,9018.0,1508.0,27722.0,6768.0,4095.0,27618.0,26495.0,5591.0,4603.0
311,32,778.0,1042.0,36.0,733.0,708.0,725.0,102.0,786.0,839.0
312,300,60.0,34.0,,,,,,,
314,3275,1196.0,7153.0,2167.0,54286.0,108190.0,89745.0,101864.0,59315.0,6333.0
315,1136,912.0,6947.0,3468.0,5669.0,933.0,1028.0,1084.0,541.0,6333.0
316,1249,2360.0,1365.0,,,,,,,
317,502,81845.0,4321.0,88810.0,3638.0,,,,,
318,50,150.0,457.0,590.0,364.0,539.0,500.0,,,
319,60072,58803.0,55577.0,69844.0,6888.0,83134.0,48516.0,27347.0,,
320,6636,6502.0,204.0,2550.0,6263.0,70.0,5872.0,6503.0,6541.0,
321,613,356.0,315.0,20.0,,,,,,
322,1387,4994.0,858.0,5008.0,905.0,800.0,3037.0,4361.0,,
324,1660,1597.0,,,,,,,,
325,741,8784.0,8966.0,1784.0,27251.0,1923.0,1608.0,19.0,2617.0,2338.0
326,527,110.0,105.0,253.0,592.0,475.0,282.0,165.0,236.0,367.0
327,527,318.0,5952.0,597.0,2706.0,1517.0,1380.0,2628.0,,
328,1089,4262.0,778.0,2355.0,1147.0,53519.0,904.0,661.0,45722.0,54268.0
329,2706,1101.0,2012.0,,,,,,,
330,1221,908.0,3196.0,1266.0,110.0,1230.0,2130.0,1185.0,1103.0,1228.0
331,6358,5882.0,2083.0,3159.0,2143.0,3461.0,3072.0,34332.0,31447.0,1583.0
332,1515,1991.0,,,,,,,,
333,282,,,,,,,,,
334,589,161.0,,,,,,,,
335,3736,356.0,2959.0,608.0,60069.0,47.0,7361.0,2028.0,,
336,6539,1409.0,799.0,593.0,2193.0,531.0,,,,
337,1674,1873.0,1610.0,1291.0,5060.0,1270.0,3684.0,3529.0,1288.0,590.0
338,3148,3928.0,1127.0,2303.0,2539.0,1214.0,345.0,2533.0,344.0,2753.0
339,1197,48394.0,588.0,356.0,1580.0,4846.0,33615.0,,,
340,588,,,,,,,,,
341,593,1358.0,,,,,,,,
342,339,412.0,475.0,550.0,46.0,140.0,830.0,1084.0,357.0,419.0
343,2502,1485.0,2985.0,3253.0,3147.0,35836.0,8636.0,47.0,2916.0,
344,4623,4019.0,3948.0,667.0,6006.0,,,,,
345,4427,1300.0,5995.0,1272.0,68157.0,8620.0,,,,
346,7361,,,,,,,,,
347,4027,5669.0,48516.0,1247.0,1246.0,6016.0,47.0,7153.0,1408.0,48780.0
348,27611,589.0,4993.0,6370.0,48516.0,5630.0,2763.0,480.0,8638.0,231.0
349,590,17.0,588.0,454.0,95.0,317.0,204.0,,,
350,1198,4306.0,89745.0,,,,,,,
351,377,292.0,208.0,,,,,,,
352,1196,5637.0,1210.0,1283.0,380.0,2398.0,947.0,1230.0,3252.0,3801.0
353,296,277.0,532.0,,,,,,,
354,5335,2044.0,4505.0,5197.0,2902.0,3318.0,4617.0,4293.0,3347.0,2589.0
355,588,316.0,,,,,,,,
356,527,541.0,349.0,165.0,,,,,,
357,2580,349.0,4383.0,2683.0,2826.0,,,,,
358,1196,6.0,1262.0,4973.0,898.0,1221.0,1217.0,1291.0,1527.0,2872.0
359,1235,4979.0,65.0,,,,,,,
360,953,2699.0,,,,,,,,
361,594,329.0,367.0,,,,,,,
362,3949,110.0,293.0,59369.0,2161.0,1673.0,65230.0,,,
363,565,1241.0,2120.0,724.0,1088.0,1405.0,291.0,2159.0,,
364,1729,4251.0,3114.0,2797.0,1220.0,265.0,5752.0,,,
365,5002,2709.0,5618.0,2571.0,4027.0,5316.0,3481.0,1201.0,2600.0,3858.0
366,2571,3578.0,2959.0,1247.0,4034.0,4306.0,3994.0,4361.0,594.0,2012.0
367,318,1198.0,356.0,50.0,1196.0,515.0,1086.0,1136.0,364.0,480.0
368,435,920.0,1183.0,,,,,,,
369,247,2395.0,1957.0,296.0,1111.0,1240.0,2359.0,745.0,1704.0,1611.0
370,165,208.0,434.0,432.0,,,,,,
371,357,800.0,508.0,150.0,509.0,261.0,592.0,,,
372,1380,7293.0,5679.0,8907.0,,,,,,
373,58559,68358.0,480.0,1517.0,3033.0,108932.0,54286.0,2413.0,,
374,296,7153.0,,,,,,,,
375,750,926.0,1224.0,2941.0,3083.0,5010.0,3418.0,5218.0,2476.0,1123.0
376,937,1209.0,1095.0,953.0,1086.0,3037.0,1203.0,1263.0,1797.0,1266.0
377,56152,56367.0,7451.0,261.0,6155.0,,,,,
378,531,318.0,2497.0,,,,,,,
379,3,,,,,,,,,
380,1945,750.0,2571.0,1954.0,1244.0,1963.0,474.0,3578.0,532.0,555.0
381,32,357.0,231.0,,,,,,,
382,54372,73017.0,1907.0,63082.0,900.0,53956.0,261.0,597.0,940.0,7153.0
383,7361,1258.0,5989.0,31878.0,33794.0,8874.0,1036.0,4306.0,1298.0,54272.0
384,948,1084.0,2565.0,1270.0,,,,,,
385,7346,7325.0,1080.0,7261.0,,,,,,
386,6896,199.0,1258.0,1214.0,4754.0,60069.0,6242.0,1223.0,4878.0,6502.0
387,1196,1214.0,745.0,3265.0,1210.0,33794.0,108932.0,260.0,924.0,4993.0
388,527,260.0,,,,,,,,
389,47,4867.0,1020.0,7361.0,5630.0,1393.0,6155.0,1895.0,87869.0,2087.0
390,28,648.0,344.0,,,,,,,
391,1858,6880.0,27822.0,,,,,,,
392,54001,74458.0,313.0,,,,,,,
393,454,1003.0,260.0,377.0,724.0,338.0,,,,
394,316,380.0,596.0,248.0,19.0,374.0,,,,
395,2240,3359.0,1265.0,,,,,,,
396,2395,293.0,70286.0,296.0,48516.0,48774.0,33493.0,,,
397,508,3751.0,1089.0,223.0,,,,,,
398,2193,,,,,,,,,
399,3075,2729.0,931.0,1649.0,1946.0,778.0,923.0,2501.0,2804.0,968.0
400,596,1282.0,,,,,,,,
401,97921,56367.0,74458.0,54286.0,4963.0,5810.0,,,,
402,4329,31878.0,5128.0,4855.0,8589.0,45852.0,70706.0,8093.0,30707.0,1408.0
403,1089,1193.0,296.0,2762.0,39183.0,59315.0,6874.0,60684.0,223.0,1610.0
404,2890,,,,,,,,,
405,81158,70293.0,3535.0,4014.0,3178.0,914.0,79132.0,7147.0,38304.0,2858.0
406,3481,3210.0,2995.0,,,,,,,
407,2137,,,,,,,,,
408,150,349.0,588.0,173.0,,,,,,
409,5672,58559.0,6874.0,6440.0,1197.0,55820.0,750.0,49272.0,1732.0,3275.0
410,7560,2928.0,6252.0,7730.0,4597.0,6060.0,7299.0,7624.0,3905.0,4516.0
411,593,253.0,292.0,410.0,,,,,,
412,3578,36529.0,2115.0,1997.0,3863.0,1961.0,3949.0,2288.0,1625.0,1396.0
413,112552,56782.0,86882.0,41569.0,98124.0,69122.0,99813.0,1387.0,51255.0,60069.0
414,4235,4973.0,858.0,5015.0,5010.0,5152.0,3745.0,4387.0,2706.0,
415,3147,1206.0,50.0,30749.0,27831.0,4873.0,4848.0,7022.0,5903.0,4161.0
416,876,637.0,799.0,102.0,725.0,,,,,
417,2248,527.0,1230.0,3545.0,,,,,,
418,2859,1077.0,1217.0,1280.0,8368.0,2788.0,2664.0,1267.0,1233.0,1201.0
419,64034,4993.0,122882.0,106920.0,99114.0,,,,,
420,2396,1641.0,2000.0,2100.0,500.0,440.0,1517.0,2352.0,7.0,785.0
421,590,457.0,454.0,34.0,628.0,318.0,1479.0,1214.0,1465.0,905.0
422,2443,5782.0,7263.0,5026.0,5010.0,1884.0,4901.0,1196.0,2762.0,32.0
423,32,1210.0,1073.0,1215.0,367.0,762.0,,,,
424,356,6.0,475.0,597.0,303.0,227.0,168.0,153.0,31.0,208.0
425,1653,3996.0,3000.0,2278.0,2600.0,1215.0,2857.0,345.0,3289.0,5876.0
426,3801,913.0,1287.0,3683.0,3671.0,924.0,1301.0,1732.0,2917.0,457.0
427,6350,5690.0,2788.0,2762.0,68954.0,110.0,6874.0,3740.0,2808.0,
428,555,6283.0,3107.0,6.0,7153.0,1197.0,3020.0,2993.0,1653.0,3984.0
429,3512,2841.0,2861.0,2712.0,3176.0,3857.0,2598.0,2806.0,4310.0,2581.0
430,111,318.0,300.0,,,,,,,
431,50,,,,,,,,,
432,1101,494.0,3197.0,457.0,3448.0,2915.0,1586.0,1676.0,3386.0,2174.0
433,27156,3300.0,2115.0,1377.0,31658.0,5219.0,69844.0,3578.0,1240.0,60069.0
434,1193,4661.0,55276.0,296.0,3873.0,64575.0,3098.0,3543.0,1358.0,150.0
435,595,1610.0,1438.0,,,,,,,
436,47,272.0,345.0,440.0,535.0,105.0,349.0,575.0,539.0,60.0
437,356,91529.0,1089.0,2571.0,2959.0,,,,,
438,5679,1961.0,49272.0,55820.0,48385.0,6188.0,3556.0,2231.0,55765.0,2395.0
439,783,640.0,788.0,,,,,,,
440,3604,3429.0,3751.0,2762.0,3653.0,2997.0,2859.0,3175.0,2455.0,2791.0
441,1210,112290.0,112556.0,,,,,,,
442,296,535.0,,,,,,,,
443,670,897.0,150.0,1340.0,1927.0,1104.0,1219.0,260.0,608.0,481.0
444,377,589.0,667.0,157.0,227.0,288.0,350.0,442.0,585.0,256.0
445,58,1357.0,318.0,339.0,39.0,282.0,,,,
446,589,587.0,368.0,225.0,586.0,230.0,410.0,23.0,442.0,172.0
447,89864,527.0,6163.0,,,,,,,
448,117533,32.0,4235.0,4306.0,2324.0,7323.0,5971.0,96829.0,53123.0,6975.0
449,116797,47.0,41285.0,36529.0,,,,,,
450,1271,509.0,,,,,,,,
451,1222,48394.0,61240.0,50.0,8961.0,65135.0,7147.0,3915.0,6874.0,2291.0
452,27674,55391.0,1409.0,2490.0,6383.0,3301.0,,,,
453,1298,924.0,551.0,1136.0,1240.0,480.0,592.0,1393.0,1015.0,410.0
454,593,457.0,165.0,367.0,153.0,,,,,
455,5618,223.0,1199.0,1246.0,2020.0,1225.0,1968.0,953.0,1408.0,104.0
456,590,380.0,303.0,165.0,45.0,173.0,371.0,,,
457,260,14.0,,,,,,,,
458,4930,25828.0,4998.0,1785.0,8016.0,3083.0,6235.0,4349.0,6993.0,3858.0
459,16,62.0,539.0,165.0,597.0,350.0,231.0,225.0,,
460,4973,965.0,4085.0,919.0,5013.0,8493.0,908.0,6539.0,38038.0,1947.0
461,741,31658.0,72226.0,3471.0,1219.0,50.0,6731.0,26776.0,5444.0,1265.0
462,1210,260.0,891.0,802.0,761.0,637.0,839.0,1438.0,66.0,880.0
463,608,2858.0,5618.0,2997.0,46578.0,71535.0,5446.0,60069.0,76251.0,73344.0
464,2791,1101.0,1080.0,,,,,,,
465,6062,4.0,653.0,,,,,,,
466,5291,1208.0,750.0,858.0,2712.0,,,,,
467,111362,,,,,,,,,
468,3752,,,,,,,,,
469,50,835.0,296.0,1193.0,110.0,25.0,1246.0,1127.0,1307.0,1172.0
470,3144,8385.0,,,,,,,,
471,2570,3155.0,497.0,1821.0,2087.0,2329.0,2366.0,2671.0,377.0,457.0
472,5816,2987.0,,,,,,,,
473,296,50.0,593.0,150.0,22.0,596.0,145.0,367.0,434.0,552.0
474,261,1653.0,4643.0,88672.0,,,,,,
475,5348,2789.0,31878.0,3384.0,2644.0,6669.0,1217.0,347.0,1254.0,2579.0
476,47,59784.0,8873.0,67255.0,2692.0,4973.0,48780.0,4223.0,,
477,5014,3882.0,2355.0,158.0,435.0,,,,,
478,736,480.0,7395.0,,,,,,,
479,27808,79897.0,,,,,,,,
480,608,296.0,6711.0,3148.0,5673.0,41569.0,5971.0,1057.0,1198.0,8937.0
481,1078,2791.0,1784.0,2100.0,1732.0,2405.0,2915.0,1183.0,2109.0,1885.0
482,1608,2683.0,1917.0,,,,,,,
483,78772,858.0,2019.0,,,,,,,
484,1198,50.0,2109.0,44195.0,2580.0,1587.0,26555.0,2278.0,1923.0,5540.0
485,301,1193.0,2739.0,5303.0,5064.0,1014.0,49272.0,6539.0,5548.0,3255.0
486,55442,63082.0,,,,,,,,
487,4750,1918.0,24.0,1037.0,2078.0,,,,,
488,2189,2339.0,2321.0,2338.0,,,,,,
489,1221,3203.0,3210.0,,,,,,,
490,4878,1834.0,1091.0,830.0,,,,,,
491,380,316.0,,,,,,,,
492,47,364.0,319.0,231.0,,,,,,
493,318,858.0,1221.0,47.0,68157.0,551.0,1200.0,1214.0,3996.0,1036.0
494,899,2424.0,2572.0,2161.0,1375.0,,,,,
495,2016,750.0,589.0,593.0,1266.0,1196.0,2313.0,1194.0,1276.0,2871.0
496,1060,,,,,,,,,
497,1784,2959.0,,,,,,,,
498,589,594.0,333.0,288.0,435.0,520.0,,,,
499,6016,1704.0,1089.0,2324.0,44665.0,1246.0,8798.0,3949.0,555.0,1291.0
500,53953,1020.0,,,,,,,,
501,3000,5146.0,4017.0,1653.0,1225.0,3160.0,1527.0,4995.0,1889.0,5712.0
502,1080,,,,,,,,,
503,1093,,,,,,,,,
504,92259,293.0,135504.0,,,,,,,
505,11,380.0,805.0,1183.0,587.0,733.0,1645.0,1888.0,788.0,648.0
506,356,1617.0,858.0,6953.0,3213.0,260.0,49272.0,6711.0,293.0,4306.0
507,590,592.0,,,,,,,,
508,122900,86332.0,81834.0,111360.0,94864.0,1240.0,103253.0,1231.0,,
509,5,1641.0,432.0,1097.0,,,,,,
510,527,3246.0,8827.0,337.0,546.0,,,,,
511,62,590.0,362.0,597.0,234.0,60.0,466.0,19.0,344.0,
512,1204,1221.0,296.0,5602.0,6297.0,1036.0,1370.0,59784.0,1573.0,4531.0
513,48516,5418.0,70286.0,2268.0,88140.0,71535.0,,,,
514,4975,3247.0,,,,,,,,
515,5445,4878.0,3994.0,48774.0,49272.0,5618.0,,,,
516,3994,3254.0,986.0,,,,,,,
517,608,1391.0,661.0,,,,,,,
518,68954,54503.0,70.0,4369.0,33679.0,2701.0,,,,
519,8228,2344.0,4327.0,2416.0,,,,,,
520,136020,54286.0,1090.0,1036.0,,,,,,
521,6377,60609.0,50068.0,2959.0,94864.0,8784.0,3147.0,76093.0,520.0,79091.0
522,613,356.0,74.0,589.0,266.0,453.0,261.0,533.0,,
523,356,480.0,457.0,339.0,165.0,,,,,
524,553,3753.0,1479.0,1876.0,165.0,3623.0,2353.0,2628.0,1792.0,1917.0
525,728,2019.0,2132.0,1504.0,246.0,1721.0,2622.0,1377.0,3649.0,
526,2396,2699.0,,,,,,,,
527,293,364.0,551.0,333.0,432.0,172.0,,,,
528,1198,5690.0,1200.0,65261.0,31658.0,7099.0,1199.0,2115.0,5418.0,2791.0
529,2959,59501.0,56251.0,33794.0,7164.0,7649.0,,,,
530,4169,45440.0,3110.0,4480.0,7299.0,8848.0,39449.0,26695.0,4007.0,1617.0
531,104374,92259.0,2761.0,68157.0,79008.0,5349.0,74789.0,64969.0,102903.0,96488.0
532,79132,115569.0,69757.0,293.0,82459.0,5995.0,64839.0,63876.0,1270.0,56782.0
533,2423,55247.0,3668.0,8641.0,33672.0,,,,,
534,14,1541.0,1653.0,1266.0,778.0,36.0,1673.0,268.0,,
535,96079,589.0,1201.0,80463.0,8636.0,53125.0,59784.0,33679.0,34150.0,
536,62,14.0,104.0,,,,,,,
537,858,7502.0,1234.0,2791.0,3871.0,1732.0,1304.0,902.0,3198.0,356.0
538,500,1092.0,1289.0,3843.0,4474.0,,,,,
539,541,543.0,2702.0,344.0,2335.0,315.0,2408.0,1461.0,,
540,590,,,,,,,,,
541,1219,1222.0,3996.0,924.0,1214.0,1748.0,2858.0,1175.0,3896.0,2761.0
542,79251,7505.0,74545.0,5608.0,27317.0,1263.0,78218.0,27773.0,63033.0,1079.0
543,2706,4361.0,1370.0,2712.0,3510.0,4690.0,4333.0,550.0,2421.0,2710.0
544,356,150.0,524.0,1957.0,2872.0,2916.0,785.0,2716.0,2378.0,2422.0
545,110,587.0,592.0,300.0,516.0,520.0,442.0,344.0,160.0,849.0
546,5801,3475.0,1024.0,858.0,1204.0,1206.0,1270.0,3897.0,3654.0,2395.0
547,500,590.0,339.0,497.0,541.0,231.0,355.0,432.0,19.0,
548,2302,3476.0,1537.0,,,,,,,
549,4993,5954.0,56782.0,1193.0,296.0,1198.0,4973.0,7361.0,1729.0,1129.0
550,1222,94959.0,109374.0,,,,,,,
551,153,349.0,31.0,380.0,,,,,,
552,17,708.0,673.0,685.0,,,,,,
553,785,,,,,,,,,
554,356,1704.0,4022.0,590.0,1302.0,4886.0,150.0,4979.0,333.0,1895.0
555,593,50.0,722.0,1253.0,318.0,380.0,778.0,1225.0,555.0,594.0
556,805,6.0,141.0,76.0,140.0,748.0,784.0,135.0,,
557,2019,318.0,7022.0,4011.0,61024.0,1594.0,293.0,69122.0,608.0,1242.0
558,574,110.0,247.0,232.0,342.0,383.0,261.0,305.0,378.0,42.0
559,4017,3996.0,2485.0,,,,,,,
560,1914,1086.0,720.0,2571.0,2761.0,1274.0,6874.0,924.0,5544.0,1210.0
561,3037,1225.0,2959.0,924.0,2944.0,2140.0,1923.0,1127.0,230.0,2599.0
562,1283,2922.0,1183.0,3104.0,2414.0,2916.0,2560.0,2712.0,336.0,1339.0
563,1193,858.0,3198.0,4022.0,2176.0,348.0,8340.0,,,
564,2291,1617.0,25.0,1370.0,,,,,,
566,48394,926.0,79132.0,2161.0,31.0,2144.0,,,,
567,2817,296.0,5014.0,56788.0,1196.0,150.0,2145.0,2804.0,6754.0,2313.0
568,260,6724.0,1221.0,8958.0,3363.0,4235.0,2692.0,1196.0,2329.0,2580.0
569,608,593.0,6.0,527.0,778.0,1206.0,6870.0,1265.0,1259.0,6708.0
570,150,457.0,344.0,,,,,,,
571,1357,3.0,,,,,,,,
572,1,708.0,736.0,762.0,,,,,,
573,3420,2520.0,,,,,,,,
574,110,1704.0,1213.0,589.0,599.0,4993.0,50.0,71535.0,86142.0,31878.0
575,43376,2173.0,43333.0,44788.0,85774.0,5222.0,4981.0,5269.0,5801.0,4117.0
576,86377,296.0,79132.0,81845.0,1198.0,2716.0,1136.0,50068.0,60069.0,74948.0
577,3438,3753.0,5401.0,546.0,204.0,5220.0,,,,
578,631,828.0,743.0,882.0,839.0,1353.0,833.0,3.0,798.0,1051.0
579,1,708.0,805.0,1620.0,999.0,494.0,724.0,,,
580,48780,4019.0,733.0,277.0,1197.0,51662.0,53956.0,165.0,810.0,1517.0
581,5952,2006.0,5943.0,3536.0,4993.0,7173.0,2001.0,316.0,6156.0,
582,1692,,,,,,,,,
583,1599,318.0,1784.0,2949.0,1282.0,1012.0,1101.0,10.0,3635.0,3208.0
584,3006,1271.0,2439.0,2130.0,150.0,1094.0,3039.0,549.0,3169.0,2797.0
585,10,316.0,151.0,,,,,,,
586,1079,3671.0,2762.0,541.0,293.0,1961.0,2571.0,110.0,1097.0,316.0
587,110,161.0,344.0,,,,,,,
588,1221,1260.0,3681.0,1284.0,750.0,2366.0,3462.0,3469.0,595.0,1931.0
589,4993,72641.0,3578.0,6936.0,91542.0,4299.0,4886.0,87869.0,1721.0,51935.0
590,2571,2997.0,3499.0,111.0,1240.0,380.0,51662.0,54503.0,3793.0,69481.0
591,145,4973.0,4878.0,32587.0,858.0,3793.0,48394.0,51662.0,,
592,73290,296.0,481.0,308.0,541.0,1206.0,53519.0,1298.0,,
593,4056,4007.0,2475.0,4014.0,3827.0,2023.0,1562.0,490.0,1863.0,
594,7153,4039.0,4025.0,2.0,1015.0,2125.0,45662.0,,,
596,6235,926.0,1089.0,306.0,5992.0,,,,,
597,2804,1595.0,1330.0,3159.0,356.0,1960.0,2871.0,2352.0,3471.0,236.0
598,60684,48774.0,2722.0,1037.0,,,,,,
599,52319,62203.0,60832.0,51086.0,2944.0,72380.0,74851.0,53000.0,72489.0,58376.0
600,356,2370.0,480.0,919.0,3629.0,1680.0,3201.0,539.0,1267.0,1103.0
601,1952,213.0,1296.0,2028.0,299.0,1263.0,1131.0,1272.0,229.0,1247.0
602,1222,1200.0,750.0,7099.0,7438.0,7104.0,1584.0,3703.0,5445.0,316.0
603,668,946.0,1221.0,1212.0,1237.0,1466.0,1230.0,866.0,916.0,1250.0
604,55721,1204.0,1214.0,2617.0,592.0,,,,,
605,1498,3148.0,1096.0,4292.0,1689.0,1036.0,318.0,1198.0,1296.0,82.0
606,5995,69122.0,6502.0,5954.0,36529.0,6041.0,139620.0,98154.0,,
607,497,1340.0,2442.0,1844.0,2118.0,1972.0,3783.0,2662.0,50.0,1196.0
608,886,57528.0,4993.0,5282.0,,,,,,
609,1477,88.0,1393.0,870.0,1472.0,,,,,
610,3578,2579.0,77846.0,2329.0,1196.0,1089.0,260.0,1270.0,1587.0,8464.0
611,2571,82459.0,3789.0,928.0,1270.0,4011.0,5995.0,56145.0,3627.0,349.0
612,1210,1580.0,2009.0,750.0,2699.0,24.0,,,,
613,457,497.0,272.0,316.0,173.0,,,,,
614,27660,296.0,99114.0,26614.0,4223.0,88140.0,3793.0,6754.0,54259.0,49272.0
615,2351,1785.0,930.0,931.0,952.0,3153.0,2349.0,1929.0,2106.0,1953.0
616,6773,36535.0,608.0,3949.0,48774.0,7323.0,56367.0,3386.0,4027.0,
617,2502,1262.0,54286.0,4306.0,33660.0,46948.0,56174.0,3745.0,3864.0,1431.0
618,1183,1603.0,,,,,,,,
619,1213,1466.0,2571.0,1193.0,7153.0,55820.0,44191.0,7323.0,5377.0,115713.0
620,1188,5291.0,3298.0,2671.0,5382.0,524.0,5367.0,2706.0,,
621,56715,76093.0,,,,,,,,
622,73290,74851.0,75395.0,102033.0,1036.0,8644.0,45501.0,84772.0,110553.0,91535.0
623,1220,1097.0,539.0,236.0,708.0,,,,,
624,1474,1760.0,986.0,1676.0,,,,,,
625,1128,1275.0,2393.0,4085.0,653.0,1127.0,1201.0,1321.0,,
626,49286,66200.0,41285.0,4246.0,56152.0,33679.0,89.0,,,
627,156,6783.0,27728.0,3030.0,1256.0,2922.0,2594.0,31658.0,5618.0,6979.0
628,1213,293.0,778.0,3481.0,2692.0,6620.0,2987.0,1639.0,2371.0,457.0
629,48780,7361.0,1282.0,3793.0,,,,,,
630,21,364.0,595.0,588.0,435.0,,,,,
631,110,1358.0,590.0,,,,,,,
632,919,4973.0,1961.0,1240.0,3819.0,64614.0,2087.0,480.0,45431.0,5452.0
633,7438,593.0,1265.0,3421.0,316.0,6874.0,1258.0,4103.0,380.0,3996.0
634,913,593.0,1927.0,4226.0,8169.0,,,,,
635,47,376.0,,,,,,,,
636,2395,2140.0,950.0,2243.0,1197.0,296.0,1050.0,2580.0,838.0,2371.0
637,1197,3000.0,2455.0,750.0,1219.0,1270.0,1.0,1215.0,457.0,2232.0
639,318,64614.0,99114.0,3578.0,106841.0,,,,,
640,1390,36.0,1409.0,1431.0,,,,,,
641,92264,3697.0,59315.0,7502.0,589.0,,,,,
642,109374,593.0,2571.0,3578.0,5445.0,480.0,106918.0,107069.0,95875.0,95441.0
643,4226,58295.0,,,,,,,,
644,800,1073.0,112.0,1405.0,833.0,1544.0,,,,
645,282,158.0,3101.0,,,,,,,
646,3996,4246.0,2336.0,3793.0,480.0,6378.0,2959.0,899.0,1580.0,6365.0
647,104,102903.0,216.0,5574.0,34162.0,135861.0,90717.0,,,
648,1356,762.0,,,,,,,,
649,345,1747.0,5803.0,1722.0,1126.0,,,,,
650,258,2763.0,1951.0,2078.0,2321.0,2394.0,1345.0,2746.0,616.0,2889.0
651,5963,6332.0,6516.0,497.0,2971.0,6711.0,,,,
652,3051,1358.0,2268.0,678.0,2908.0,2112.0,412.0,,,
653,32,342.0,327.0,,,,,,,
654,110,349.0,,,,,,,,
655,5604,2571.0,2762.0,260.0,60684.0,44191.0,914.0,1073.0,616.0,2080.0
656,616,440.0,521.0,198.0,587.0,485.0,,,,
657,2152,5076.0,7419.0,54190.0,2117.0,2846.0,1214.0,1032.0,5009.0,2072.0
658,2858,260.0,2355.0,2541.0,,,,,,
659,69844,76251.0,58559.0,88163.0,88125.0,3256.0,2959.0,1485.0,1246.0,91500.0
660,440,,,,,,,,,
661,1006,728.0,733.0,6.0,94.0,858.0,628.0,697.0,376.0,1363.0
662,1283,529.0,912.0,2747.0,2132.0,1246.0,293.0,431.0,164.0,2490.0
663,62,266.0,,,,,,,,
664,6183,2657.0,88405.0,2916.0,2115.0,72998.0,356.0,68358.0,118900.0,
665,60397,55814.0,3513.0,53129.0,40339.0,6624.0,59107.0,58839.0,8665.0,59369.0
666,2882,608.0,1623.0,1617.0,858.0,1537.0,2333.0,3185.0,2337.0,4119.0
667,5135,1997.0,4993.0,3578.0,4022.0,7160.0,372.0,785.0,1485.0,
668,3724,179.0,670.0,2920.0,2075.0,4356.0,3097.0,1938.0,4298.0,2561.0
